jmeter501@test.com,XYZ
jmeter502@test.com,XYZ
jmeter503@test.com,XYZ
jmeter504@test.com,XYZ
jmeter505@test.com,XYZ
jmeter506@test.com,XYZ
jmeter507@test.com,XYZ
jmeter508@test.com,XYZ
jmeter509@test.com,XYZ
jmeter511@test.com,XYZ
jmeter512@test.com,XYZ
jmeter513@test.com,XYZ
jmeter514@test.com,XYZ
jmeter515@test.com,XYZ
jmeter516@test.com,XYZ
jmeter517@test.com,XYZ
jmeter519@test.com,XYZ
jmeter520@test.com,XYZ
jmeter521@test.com,XYZ
jmeter523@test.com,XYZ
jmeter524@test.com,XYZ
jmeter525@test.com,XYZ
jmeter532@test.com,XYZ
jmeter533@test.com,XYZ
jmeter534@test.com,XYZ
jmeter535@test.com,XYZ
jmeter536@test.com,XYZ
jmeter537@test.com,XYZ
jmeter539@test.com,XYZ
jmeter542@test.com,XYZ
jmeter544@test.com,XYZ
jmeter545@test.com,XYZ
jmeter548@test.com,XYZ
jmeter549@test.com,XYZ
jmeter550@test.com,XYZ
jmeter551@test.com,XYZ
jmeter552@test.com,XYZ
jmeter553@test.com,XYZ
jmeter554@test.com,XYZ
jmeter555@test.com,XYZ
jmeter556@test.com,XYZ
jmeter557@test.com,XYZ
jmeter558@test.com,XYZ
jmeter559@test.com,XYZ
jmeter560@test.com,XYZ
jmeter561@test.com,XYZ
jmeter562@test.com,XYZ
jmeter563@test.com,XYZ
jmeter564@test.com,XYZ
jmeter565@test.com,XYZ
jmeter566@test.com,XYZ
jmeter567@test.com,XYZ
jmeter568@test.com,XYZ
jmeter569@test.com,XYZ
jmeter570@test.com,XYZ
jmeter572@test.com,XYZ
jmeter573@test.com,XYZ
jmeter574@test.com,XYZ
jmeter576@test.com,XYZ
jmeter577@test.com,XYZ
jmeter578@test.com,XYZ
jmeter579@test.com,XYZ
jmeter580@test.com,XYZ
jmeter581@test.com,XYZ
jmeter582@test.com,XYZ
jmeter583@test.com,XYZ
jmeter584@test.com,XYZ
jmeter585@test.com,XYZ
jmeter586@test.com,XYZ
jmeter587@test.com,XYZ
jmeter588@test.com,XYZ
jmeter589@test.com,XYZ
jmeter590@test.com,XYZ
jmeter591@test.com,XYZ
jmeter592@test.com,XYZ
jmeter593@test.com,XYZ
jmeter594@test.com,XYZ
jmeter595@test.com,XYZ
jmeter596@test.com,XYZ
jmeter597@test.com,XYZ
jmeter598@test.com,XYZ
jmeter599@test.com,XYZ
jmeter600@test.com,XYZ
jmeter601@test.com,XYZ
jmeter602@test.com,XYZ
jmeter603@test.com,XYZ
jmeter604@test.com,XYZ
jmeter605@test.com,XYZ
jmeter606@test.com,XYZ
jmeter607@test.com,XYZ
jmeter608@test.com,XYZ
jmeter609@test.com,XYZ
jmeter610@test.com,XYZ
jmeter611@test.com,XYZ
jmeter612@test.com,XYZ
jmeter613@test.com,XYZ
jmeter614@test.com,XYZ
jmeter615@test.com,XYZ
jmeter617@test.com,XYZ
jmeter619@test.com,XYZ
jmeter621@test.com,XYZ
jmeter622@test.com,XYZ
jmeter623@test.com,XYZ
jmeter624@test.com,XYZ
jmeter625@test.com,XYZ
jmeter626@test.com,XYZ
jmeter627@test.com,XYZ
jmeter628@test.com,XYZ
jmeter629@test.com,XYZ
jmeter633@test.com,XYZ
jmeter634@test.com,XYZ
jmeter635@test.com,XYZ
jmeter636@test.com,XYZ
jmeter637@test.com,XYZ
jmeter638@test.com,XYZ
jmeter639@test.com,XYZ
jmeter640@test.com,XYZ
jmeter641@test.com,XYZ
jmeter642@test.com,XYZ
jmeter643@test.com,XYZ
jmeter644@test.com,XYZ
jmeter645@test.com,XYZ
jmeter646@test.com,XYZ
jmeter647@test.com,XYZ
jmeter648@test.com,XYZ
jmeter649@test.com,XYZ
jmeter651@test.com,XYZ
jmeter653@test.com,XYZ
jmeter654@test.com,XYZ
jmeter655@test.com,XYZ
jmeter656@test.com,XYZ
jmeter657@test.com,XYZ
jmeter658@test.com,XYZ
jmeter661@test.com,XYZ
jmeter662@test.com,XYZ
jmeter663@test.com,XYZ
jmeter664@test.com,XYZ
jmeter665@test.com,XYZ
jmeter666@test.com,XYZ
jmeter667@test.com,XYZ
jmeter668@test.com,XYZ
jmeter669@test.com,XYZ
jmeter670@test.com,XYZ
jmeter671@test.com,XYZ
jmeter672@test.com,XYZ
jmeter673@test.com,XYZ
jmeter674@test.com,XYZ
jmeter675@test.com,XYZ
jmeter676@test.com,XYZ
jmeter677@test.com,XYZ
jmeter678@test.com,XYZ
jmeter679@test.com,XYZ
jmeter680@test.com,XYZ
jmeter681@test.com,XYZ
jmeter682@test.com,XYZ
jmeter683@test.com,XYZ
jmeter684@test.com,XYZ
jmeter685@test.com,XYZ
jmeter686@test.com,XYZ
jmeter687@test.com,XYZ
jmeter689@test.com,XYZ
jmeter690@test.com,XYZ
jmeter691@test.com,XYZ
jmeter692@test.com,XYZ
jmeter693@test.com,XYZ
jmeter694@test.com,XYZ
jmeter695@test.com,XYZ
jmeter696@test.com,XYZ
jmeter697@test.com,XYZ
jmeter698@test.com,XYZ
jmeter699@test.com,XYZ
jmeter700@test.com,XYZ
jmeter701@test.com,XYZ
jmeter702@test.com,XYZ
jmeter703@test.com,XYZ
jmeter704@test.com,XYZ
jmeter705@test.com,XYZ
jmeter706@test.com,XYZ
jmeter707@test.com,XYZ
jmeter708@test.com,XYZ
jmeter709@test.com,XYZ
jmeter710@test.com,XYZ
jmeter715@test.com,XYZ
jmeter716@test.com,XYZ
jmeter717@test.com,XYZ
jmeter718@test.com,XYZ
jmeter719@test.com,XYZ
jmeter720@test.com,XYZ
jmeter721@test.com,XYZ
jmeter722@test.com,XYZ
jmeter723@test.com,XYZ
jmeter724@test.com,XYZ
jmeter725@test.com,XYZ
jmeter726@test.com,XYZ
jmeter727@test.com,XYZ
jmeter728@test.com,XYZ
jmeter729@test.com,XYZ
jmeter730@test.com,XYZ
jmeter731@test.com,XYZ
jmeter732@test.com,XYZ
jmeter733@test.com,XYZ
jmeter734@test.com,XYZ
jmeter735@test.com,XYZ
jmeter736@test.com,XYZ
jmeter737@test.com,XYZ
jmeter738@test.com,XYZ
jmeter739@test.com,XYZ
jmeter741@test.com,XYZ
jmeter742@test.com,XYZ
jmeter743@test.com,XYZ
jmeter744@test.com,XYZ
jmeter745@test.com,XYZ
jmeter746@test.com,XYZ
jmeter747@test.com,XYZ
jmeter748@test.com,XYZ
jmeter749@test.com,XYZ
jmeter750@test.com,XYZ
jmeter751@test.com,XYZ
jmeter752@test.com,XYZ
jmeter753@test.com,XYZ
jmeter754@test.com,XYZ
jmeter756@test.com,XYZ
jmeter757@test.com,XYZ
jmeter758@test.com,XYZ
jmeter759@test.com,XYZ
jmeter760@test.com,XYZ
jmeter761@test.com,XYZ
jmeter762@test.com,XYZ
jmeter763@test.com,XYZ
jmeter764@test.com,XYZ
jmeter765@test.com,XYZ
jmeter766@test.com,XYZ
jmeter767@test.com,XYZ
jmeter768@test.com,XYZ
jmeter769@test.com,XYZ
jmeter770@test.com,XYZ
jmeter771@test.com,XYZ
jmeter772@test.com,XYZ
jmeter775@test.com,XYZ
jmeter776@test.com,XYZ
jmeter777@test.com,XYZ
jmeter778@test.com,XYZ
jmeter779@test.com,XYZ
jmeter780@test.com,XYZ
jmeter781@test.com,XYZ
jmeter782@test.com,XYZ
jmeter783@test.com,XYZ
jmeter784@test.com,XYZ
jmeter785@test.com,XYZ
jmeter786@test.com,XYZ
jmeter787@test.com,XYZ
jmeter788@test.com,XYZ
jmeter789@test.com,XYZ
jmeter790@test.com,XYZ
jmeter791@test.com,XYZ
jmeter793@test.com,XYZ
jmeter794@test.com,XYZ
jmeter795@test.com,XYZ
jmeter796@test.com,XYZ
jmeter797@test.com,XYZ
jmeter798@test.com,XYZ
jmeter799@test.com,XYZ
jmeter800@test.com,XYZ
